Workbook

Sheet 使用说明
A1: 小微团队项目计划 + 任务进度 + 甘特图 Excel 模板
A2: 【填写区说明】黄色单元格 = 请用户填写；灰色/蓝色 = 自动计算或展示
A3: 1. 打开「任务明细」工作表，从第2行开始填写任务。
A4: 2. 必填：任务名称、负责人、开始日期、截止日期、状态、完成进度(0-1)。
A5: 3. 「项目摘要」会自动统计任务数、完成数、平均进度。
A6: 4. 「甘特图」按开始/截止日期自动显示时间条（与任务明细日期一致）。
A7: 5. 可增删任务行：在任务明细第2–31行范围内填写即可。
A8: 6. 日期请使用 YYYY-MM-DD 格式（如 2026-09-05）。
A9: 7. 完成进度填写 0 到 1 之间的小数，例如 0.5 表示 50%。
A10: 8. 本模板面向小微团队/项目负责人，无需复杂项目管理软件。
A11: 【注意】本商品为可编辑数字模板；售出后不退不换。

Sheet 任务明细
A1: 任务ID | B1: 任务名称 | C1: 负责人 | D1: 开始日期 | E1: 截止日期 | F1: 状态 | G1: 完成进度 | H1: 工期(天) | I1: 备注
A2: T01 | B2: 明确项目目标与范围 | C2: 张三 | D2: 46266 | E2: 46268 | F2: 已完成 | G2: 1 | H2: =IF(OR(D2="",E2=""),"",E2-D2+1) | I2: 示例，可改
A3: T02 | B3: 拆解任务并分配负责人 | C3: 李四 | D3: 46268 | E3: 46271 | F3: 进行中 | G3: 0.6 | H3: =IF(OR(D3="",E3=""),"",E3-D3+1) | I3: 示例，可改
A4: T03 | B4: 跟踪进度并更新甘特图 | C4: 王五 | D4: 46270 | E4: 46277 | F4: 未开始 | G4: 0 | H4: =IF(OR(D4="",E4=""),"",E4-D4+1) | I4: 示例，可改
A5: T04 | B5: 周会复盘与风险记录 | C5: 张三 | D5: 46273 | E5: 46273 | F5: 未开始 | G5: 0 | H5: =IF(OR(D5="",E5=""),"",E5-D5+1) | I5: 示例，可改
A6: T05 | B6: 交付验收与归档 | C6: 李四 | D6: 46275 | E6: 46280 | F6: 未开始 | G6: 0 | H6: =IF(OR(D6="",E6=""),"",E6-D6+1) | I6: 示例，可改
H7: =IF(OR(D7="",E7=""),"",E7-D7+1)
H8: =IF(OR(D8="",E8=""),"",E8-D8+1)
H9: =IF(OR(D9="",E9=""),"",E9-D9+1)
H10: =IF(OR(D10="",E10=""),"",E10-D10+1)
H11: =IF(OR(D11="",E11=""),"",E11-D11+1)
H12: =IF(OR(D12="",E12=""),"",E12-D12+1)
H13: =IF(OR(D13="",E13=""),"",E13-D13+1)
H14: =IF(OR(D14="",E14=""),"",E14-D14+1)
H15: =IF(OR(D15="",E15=""),"",E15-D15+1)
H16: =IF(OR(D16="",E16=""),"",E16-D16+1)
H17: =IF(OR(D17="",E17=""),"",E17-D17+1)
H18: =IF(OR(D18="",E18=""),"",E18-D18+1)
... H21: =IF(OR(D21="",E21=""),"",E21-D21+1)

Sheet 项目摘要
A1: 项目总体进度摘要
A3: 项目名称（请填写） | B3: 我的小微团队项目
A4: 项目负责人（请填写） | B4: 张三
A6: 任务总数 | B6: =COUNTA(任务明细!B2:B21)
A7: 已完成任务数 | B7: =COUNTIF(任务明细!F2:F21,"已完成")
A8: 进行中任务数 | B8: =COUNTIF(任务明细!F2:F21,"进行中")
A9: 未开始任务数 | B9: =COUNTIF(任务明细!F2:F21,"未开始")
A10: 平均完成进度 | B10: =IFERROR(AVERAGE(任务明细!G2:G21),0)
A12: 最早开始日期 | B12: =IFERROR(MIN(任务明细!D2:D21),"")
A13: 最晚截止日期 | B13: =IFERROR(MAX(任务明细!E2:E21),"")
A15: 使用提示
A16: 先在「任务明细」填写任务；本页自动汇总；再看「甘特图」时间条。

Sheet 甘特图
A1: 任务名称 | B1: 开始 | C1: 截止 | D1: 46266 | E1: 46267 | F1: 46268 | G1: 46269 | H1: 46270 | I1: 46271 | J1: 46272 | K1: 46273 | L1: 46274 | M1: 46275 | N1: 46276 | O1: 46277 | P1: 46278 | Q1: 46279 | R1: 46280 | S1: 46281
A2: =IF(任务明细!B2="","",任务明细!B2) | B2: =IF(任务明细!D2="","",任务明细!D2) | C2: =IF(任务明细!E2="","",任务明细!E2) | D2: =IF(OR($A2="",$B2="",$C2=""),"",IF(AND(D$1>=$B2,D$1<=$C2),"█","")) | E2: =IF(OR($A2="",$B2="",$C2=""),"",IF(AND(E$1>=$B2,E$1<=$C2),"█","")) | F2: =IF(OR($A2="",$B2="",$C2=""),"",IF(AND(F$1>=$B2,F$1<=$C2),"█","")) | G2: =IF(OR($A2="",$B2="",$C2=""),"",IF(AND(G$1>=$B2,G$1<=$C2),"█","")) | H2: =IF(OR($A2="",$B2="",$C2=""),"",IF(AND(H$1>=$B2,H$1<=$C2),"█","")) | I2: =IF(OR($A2="",$B2="",$C2=""),"",IF(AND(I$1>=$B2,I$1<=$C2),"█","")) | J2: =IF(OR($A2="",$B2="",$C2=""),"",IF(AND(J$1>=$B2,J$1<=$C2),"█","")) | K2: =IF(OR($A2="",$B2="",$C2=""),"",IF(AND(K$1>=$B2,K$1<=$C2),"█","")) | ... S2: =IF(OR($A2="",$B2="",$C2=""),"",IF(AND(S$1>=$B2,S$1<=$C2),"█",""))
A3: =IF(任务明细!B3="","",任务明细!B3) | B3: =IF(任务明细!D3="","",任务明细!D3) | C3: =IF(任务明细!E3="","",任务明细!E3) | D3: =IF(OR($A3="",$B3="",$C3=""),"",IF(AND(D$1>=$B3,D$1<=$C3),"█","")) | E3: =IF(OR($A3="",$B3="",$C3=""),"",IF(AND(E$1>=$B3,E$1<=$C3),"█","")) | F3: =IF(OR($A3="",$B3="",$C3=""),"",IF(AND(F$1>=$B3,F$1<=$C3),"█","")) | G3: =IF(OR($A3="",$B3="",$C3=""),"",IF(AND(G$1>=$B3,G$1<=$C3),"█","")) | H3: =IF(OR($A3="",$B3="",$C3=""),"",IF(AND(H$1>=$B3,H$1<=$C3),"█","")) | I3: =IF(OR($A3="",$B3="",$C3=""),"",IF(AND(I$1>=$B3,I$1<=$C3),"█","")) | J3: =IF(OR($A3="",$B3="",$C3=""),"",IF(AND(J$1>=$B3,J$1<=$C3),"█","")) | K3: =IF(OR($A3="",$B3="",$C3=""),"",IF(AND(K$1>=$B3,K$1<=$C3),"█","")) | ... S3: =IF(OR($A3="",$B3="",$C3=""),"",IF(AND(S$1>=$B3,S$1<=$C3),"█",""))
A4: =IF(任务明细!B4="","",任务明细!B4) | B4: =IF(任务明细!D4="","",任务明细!D4) | C4: =IF(任务明细!E4="","",任务明细!E4) | D4: =IF(OR($A4="",$B4="",$C4=""),"",IF(AND(D$1>=$B4,D$1<=$C4),"█","")) | E4: =IF(OR($A4="",$B4="",$C4=""),"",IF(AND(E$1>=$B4,E$1<=$C4),"█","")) | F4: =IF(OR($A4="",$B4="",$C4=""),"",IF(AND(F$1>=$B4,F$1<=$C4),"█","")) | G4: =IF(OR($A4="",$B4="",$C4=""),"",IF(AND(G$1>=$B4,G$1<=$C4),"█","")) | H4: =IF(OR($A4="",$B4="",$C4=""),"",IF(AND(H$1>=$B4,H$1<=$C4),"█","")) | I4: =IF(OR($A4="",$B4="",$C4=""),"",IF(AND(I$1>=$B4,I$1<=$C4),"█","")) | J4: =IF(OR($A4="",$B4="",$C4=""),"",IF(AND(J$1>=$B4,J$1<=$C4),"█","")) | K4: =IF(OR($A4="",$B4="",$C4=""),"",IF(AND(K$1>=$B4,K$1<=$C4),"█","")) | ... S4: =IF(OR($A4="",$B4="",$C4=""),"",IF(AND(S$1>=$B4,S$1<=$C4),"█",""))
A5: =IF(任务明细!B5="","",任务明细!B5) | B5: =IF(任务明细!D5="","",任务明细!D5) | C5: =IF(任务明细!E5="","",任务明细!E5) | D5: =IF(OR($A5="",$B5="",$C5=""),"",IF(AND(D$1>=$B5,D$1<=$C5),"█","")) | E5: =IF(OR($A5="",$B5="",$C5=""),"",IF(AND(E$1>=$B5,E$1<=$C5),"█","")) | F5: =IF(OR($A5="",$B5="",$C5=""),"",IF(AND(F$1>=$B5,F$1<=$C5),"█","")) | G5: =IF(OR($A5="",$B5="",$C5=""),"",IF(AND(G$1>=$B5,G$1<=$C5),"█","")) | H5: =IF(OR($A5="",$B5="",$C5=""),"",IF(AND(H$1>=$B5,H$1<=$C5),"█","")) | I5: =IF(OR($A5="",$B5="",$C5=""),"",IF(AND(I$1>=$B5,I$1<=$C5),"█","")) | J5: =IF(OR($A5="",$B5="",$C5=""),"",IF(AND(J$1>=$B5,J$1<=$C5),"█","")) | K5: =IF(OR($A5="",$B5="",$C5=""),"",IF(AND(K$1>=$B5,K$1<=$C5),"█","")) | ... S5: =IF(OR($A5="",$B5="",$C5=""),"",IF(AND(S$1>=$B5,S$1<=$C5),"█",""))
A6: =IF(任务明细!B6="","",任务明细!B6) | B6: =IF(任务明细!D6="","",任务明细!D6) | C6: =IF(任务明细!E6="","",任务明细!E6) | D6: =IF(OR($A6="",$B6="",$C6=""),"",IF(AND(D$1>=$B6,D$1<=$C6),"█","")) | E6: =IF(OR($A6="",$B6="",$C6=""),"",IF(AND(E$1>=$B6,E$1<=$C6),"█","")) | F6: =IF(OR($A6="",$B6="",$C6=""),"",IF(AND(F$1>=$B6,F$1<=$C6),"█","")) | G6: =IF(OR($A6="",$B6="",$C6=""),"",IF(AND(G$1>=$B6,G$1<=$C6),"█","")) | H6: =IF(OR($A6="",$B6="",$C6=""),"",IF(AND(H$1>=$B6,H$1<=$C6),"█","")) | I6: =IF(OR($A6="",$B6="",$C6=""),"",IF(AND(I$1>=$B6,I$1<=$C6),"█","")) | J6: =IF(OR($A6="",$B6="",$C6=""),"",IF(AND(J$1>=$B6,J$1<=$C6),"█","")) | K6: =IF(OR($A6="",$B6="",$C6=""),"",IF(AND(K$1>=$B6,K$1<=$C6),"█","")) | ... S6: =IF(OR($A6="",$B6="",$C6=""),"",IF(AND(S$1>=$B6,S$1<=$C6),"█",""))
A7: =IF(任务明细!B7="","",任务明细!B7) | B7: =IF(任务明细!D7="","",任务明细!D7) | C7: =IF(任务明细!E7="","",任务明细!E7) | D7: =IF(OR($A7="",$B7="",$C7=""),"",IF(AND(D$1>=$B7,D$1<=$C7),"█","")) | E7: =IF(OR($A7="",$B7="",$C7=""),"",IF(AND(E$1>=$B7,E$1<=$C7),"█","")) | F7: =IF(OR($A7="",$B7="",$C7=""),"",IF(AND(F$1>=$B7,F$1<=$C7),"█","")) | G7: =IF(OR($A7="",$B7="",$C7=""),"",IF(AND(G$1>=$B7,G$1<=$C7),"█","")) | H7: =IF(OR($A7="",$B7="",$C7=""),"",IF(AND(H$1>=$B7,H$1<=$C7),"█","")) | I7: =IF(OR($A7="",$B7="",$C7=""),"",IF(AND(I$1>=$B7,I$1<=$C7),"█","")) | J7: =IF(OR($A7="",$B7="",$C7=""),"",IF(AND(J$1>=$B7,J$1<=$C7),"█","")) | K7: =IF(OR($A7="",$B7="",$C7=""),"",IF(AND(K$1>=$B7,K$1<=$C7),"█","")) | ... S7: =IF(OR($A7="",$B7="",$C7=""),"",IF(AND(S$1>=$B7,S$1<=$C7),"█",""))
A8: =IF(任务明细!B8="","",任务明细!B8) | B8: =IF(任务明细!D8="","",任务明细!D8) | C8: =IF(任务明细!E8="","",任务明细!E8) | D8: =IF(OR($A8="",$B8="",$C8=""),"",IF(AND(D$1>=$B8,D$1<=$C8),"█","")) | E8: =IF(OR($A8="",$B8="",$C8=""),"",IF(AND(E$1>=$B8,E$1<=$C8),"█","")) | F8: =IF(OR($A8="",$B8="",$C8=""),"",IF(AND(F$1>=$B8,F$1<=$C8),"█","")) | G8: =IF(OR($A8="",$B8="",$C8=""),"",IF(AND(G$1>=$B8,G$1<=$C8),"█","")) | H8: =IF(OR($A8="",$B8="",$C8=""),"",IF(AND(H$1>=$B8,H$1<=$C8),"█","")) | I8: =IF(OR($A8="",$B8="",$C8=""),"",IF(AND(I$1>=$B8,I$1<=$C8),"█","")) | J8: =IF(OR($A8="",$B8="",$C8=""),"",IF(AND(J$1>=$B8,J$1<=$C8),"█","")) | K8: =IF(OR($A8="",$B8="",$C8=""),"",IF(AND(K$1>=$B8,K$1<=$C8),"█","")) | ... S8: =IF(OR($A8="",$B8="",$C8=""),"",IF(AND(S$1>=$B8,S$1<=$C8),"█",""))
A9: =IF(任务明细!B9="","",任务明细!B9) | B9: =IF(任务明细!D9="","",任务明细!D9) | C9: =IF(任务明细!E9="","",任务明细!E9) | D9: =IF(OR($A9="",$B9="",$C9=""),"",IF(AND(D$1>=$B9,D$1<=$C9),"█","")) | E9: =IF(OR($A9="",$B9="",$C9=""),"",IF(AND(E$1>=$B9,E$1<=$C9),"█","")) | F9: =IF(OR($A9="",$B9="",$C9=""),"",IF(AND(F$1>=$B9,F$1<=$C9),"█","")) | G9: =IF(OR($A9="",$B9="",$C9=""),"",IF(AND(G$1>=$B9,G$1<=$C9),"█","")) | H9: =IF(OR($A9="",$B9="",$C9=""),"",IF(AND(H$1>=$B9,H$1<=$C9),"█","")) | I9: =IF(OR($A9="",$B9="",$C9=""),"",IF(AND(I$1>=$B9,I$1<=$C9),"█","")) | J9: =IF(OR($A9="",$B9="",$C9=""),"",IF(AND(J$1>=$B9,J$1<=$C9),"█","")) | K9: =IF(OR($A9="",$B9="",$C9=""),"",IF(AND(K$1>=$B9,K$1<=$C9),"█","")) | ... S9: =IF(OR($A9="",$B9="",$C9=""),"",IF(AND(S$1>=$B9,S$1<=$C9),"█",""))
A10: =IF(任务明细!B10="","",任务明细!B10) | B10: =IF(任务明细!D10="","",任务明细!D10) | C10: =IF(任务明细!E10="","",任务明细!E10) | D10: =IF(OR($A10="",$B10="",$C10=""),"",IF(AND(D$1>=$B10,D$1<=$C10),"█","")) | E10: =IF(OR($A10="",$B10="",$C10=""),"",IF(AND(E$1>=$B10,E$1<=$C10),"█","")) | F10: =IF(OR($A10="",$B10="",$C10=""),"",IF(AND(F$1>=$B10,F$1<=$C10),"█","")) | G10: =IF(OR($A10="",$B10="",$C10=""),"",IF(AND(G$1>=$B10,G$1<=$C10),"█","")) | H10: =IF(OR($A10="",$B10="",$C10=""),"",IF(AND(H$1>=$B10,H$1<=$C10),"█","")) | I10: =IF(OR($A10="",$B10="",$C10=""),"",IF(AND(I$1>=$B10,I$1<=$C10),"█","")) | J10: =IF(OR($A10="",$B10="",$C10=""),"",IF(AND(J$1>=$B10,J$1<=$C10),"█","")) | K10: =IF(OR($A10="",$B10="",$C10=""),"",IF(AND(K$1>=$B10,K$1<=$C10),"█","")) | ... S10: =IF(OR($A10="",$B10="",$C10=""),"",IF(AND(S$1>=$B10,S$1<=$C10),"█",""))
A11: =IF(任务明细!B11="","",任务明细!B11) | B11: =IF(任务明细!D11="","",任务明细!D11) | C11: =IF(任务明细!E11="","",任务明细!E11) | D11: =IF(OR($A11="",$B11="",$C11=""),"",IF(AND(D$1>=$B11,D$1<=$C11),"█","")) | E11: =IF(OR($A11="",$B11="",$C11=""),"",IF(AND(E$1>=$B11,E$1<=$C11),"█","")) | F11: =IF(OR($A11="",$B11="",$C11=""),"",IF(AND(F$1>=$B11,F$1<=$C11),"█","")) | G11: =IF(OR($A11="",$B11="",$C11=""),"",IF(AND(G$1>=$B11,G$1<=$C11),"█","")) | H11: =IF(OR($A11="",$B11="",$C11=""),"",IF(AND(H$1>=$B11,H$1<=$C11),"█","")) | I11: =IF(OR($A11="",$B11="",$C11=""),"",IF(AND(I$1>=$B11,I$1<=$C11),"█","")) | J11: =IF(OR($A11="",$B11="",$C11=""),"",IF(AND(J$1>=$B11,J$1<=$C11),"█","")) | K11: =IF(OR($A11="",$B11="",$C11=""),"",IF(AND(K$1>=$B11,K$1<=$C11),"█","")) | ... S11: =IF(OR($A11="",$B11="",$C11=""),"",IF(AND(S$1>=$B11,S$1<=$C11),"█",""))
A12: =IF(任务明细!B12="","",任务明细!B12) | B12: =IF(任务明细!D12="","",任务明细!D12) | C12: =IF(任务明细!E12="","",任务明细!E12) | D12: =IF(OR($A12="",$B12="",$C12=""),"",IF(AND(D$1>=$B12,D$1<=$C12),"█","")) | E12: =IF(OR($A12="",$B12="",$C12=""),"",IF(AND(E$1>=$B12,E$1<=$C12),"█","")) | F12: =IF(OR($A12="",$B12="",$C12=""),"",IF(AND(F$1>=$B12,F$1<=$C12),"█","")) | G12: =IF(OR($A12="",$B12="",$C12=""),"",IF(AND(G$1>=$B12,G$1<=$C12),"█","")) | H12: =IF(OR($A12="",$B12="",$C12=""),"",IF(AND(H$1>=$B12,H$1<=$C12),"█","")) | I12: =IF(OR($A12="",$B12="",$C12=""),"",IF(AND(I$1>=$B12,I$1<=$C12),"█","")) | J12: =IF(OR($A12="",$B12="",$C12=""),"",IF(AND(J$1>=$B12,J$1<=$C12),"█","")) | K12: =IF(OR($A12="",$B12="",$C12=""),"",IF(AND(K$1>=$B12,K$1<=$C12),"█","")) | ... S12: =IF(OR($A12="",$B12="",$C12=""),"",IF(AND(S$1>=$B12,S$1<=$C12),"█",""))
A13: =IF(任务明细!B13="","",任务明细!B13) | B13: =IF(任务明细!D13="","",任务明细!D13) | C13: =IF(任务明细!E13="","",任务明细!E13) | D13: =IF(OR($A13="",$B13="",$C13=""),"",IF(AND(D$1>=$B13,D$1<=$C13),"█","")) | E13: =IF(OR($A13="",$B13="",$C13=""),"",IF(AND(E$1>=$B13,E$1<=$C13),"█","")) | F13: =IF(OR($A13="",$B13="",$C13=""),"",IF(AND(F$1>=$B13,F$1<=$C13),"█","")) | G13: =IF(OR($A13="",$B13="",$C13=""),"",IF(AND(G$1>=$B13,G$1<=$C13),"█","")) | H13: =IF(OR($A13="",$B13="",$C13=""),"",IF(AND(H$1>=$B13,H$1<=$C13),"█","")) | I13: =IF(OR($A13="",$B13="",$C13=""),"",IF(AND(I$1>=$B13,I$1<=$C13),"█","")) | J13: =IF(OR($A13="",$B13="",$C13=""),"",IF(AND(J$1>=$B13,J$1<=$C13),"█","")) | K13: =IF(OR($A13="",$B13="",$C13=""),"",IF(AND(K$1>=$B13,K$1<=$C13),"█","")) | ... S13: =IF(OR($A13="",$B13="",$C13=""),"",IF(AND(S$1>=$B13,S$1<=$C13),"█",""))
... A21: =IF(任务明细!B21="","",任务明细!B21) | B21: =IF(任务明细!D21="","",任务明细!D21) | C21: =IF(任务明细!E21="","",任务明细!E21) | D21: =IF(OR($A21="",$B21="",$C21=""),"",IF(AND(D$1>=$B21,D$1<=$C21),"█","")) | E21: =IF(OR($A21="",$B21="",$C21=""),"",IF(AND(E$1>=$B21,E$1<=$C21),"█","")) | F21: =IF(OR($A21="",$B21="",$C21=""),"",IF(AND(F$1>=$B21,F$1<=$C21),"█","")) | G21: =IF(OR($A21="",$B21="",$C21=""),"",IF(AND(G$1>=$B21,G$1<=$C21),"█","")) | H21: =IF(OR($A21="",$B21="",$C21=""),"",IF(AND(H$1>=$B21,H$1<=$C21),"█","")) | I21: =IF(OR($A21="",$B21="",$C21=""),"",IF(AND(I$1>=$B21,I$1<=$C21),"█","")) | J21: =IF(OR($A21="",$B21="",$C21=""),"",IF(AND(J$1>=$B21,J$1<=$C21),"█","")) | K21: =IF(OR($A21="",$B21="",$C21=""),"",IF(AND(K$1>=$B21,K$1<=$C21),"█","")) | ... S21: =IF(OR($A21="",$B21="",$C21=""),"",IF(AND(S$1>=$B21,S$1<=$C21),"█",""))
A24: 说明：蓝色「█」表示该任务在对应日期处于计划区间内；与「任务明细」开始/截止日期保持一致。
